,vrp_standardised
2020-05-28,
2020-05-29,
2020-06-01,-0.7071067811865478
2020-06-02,-0.6695712120314953
2020-06-03,-0.7079296526919168
2020-06-04,-1.4560807302543786
2020-06-05,
2020-06-08,-1.4060943876021657
2020-06-09,-1.276510056526301
2020-06-10,-0.8594552717114166
2020-06-11,-1.4868004694775798
2020-06-12,
2020-06-15,-0.16154720134092346
2020-06-16,-0.040463709319074725
2020-06-17,0.8906424805120572
2020-06-18,1.213939695781256
2020-06-19,
2020-06-22,1.0122232082474834
2020-06-23,0.7470463345563471
2020-06-24,0.10973891537369947
2020-06-25,1.4370298273343811
2020-06-26,
2020-06-29,-1.4568905187591914
2020-06-30,-0.41092836875068367
2020-07-01,0.3440317811728018
2020-07-02,
2020-07-06,0.5965703480120506
2020-07-07,1.2784362776019285
2020-07-08,0.7526037257737371
2020-07-09,1.3402190576328883
2020-07-10,
2020-07-13,1.3316378915847442
2020-07-14,0.8887421182904656
2020-07-15,0.4741231169238022
2020-07-16,-1.4286274198707516
2020-07-17,
2020-07-20,-1.3646690866884847
2020-07-21,-0.8374937810544668
2020-07-22,-0.3126224185847239
2020-07-23,-1.4993499618963675
2020-07-24,
2020-07-27,0.19293413520789446
2020-07-28,0.5262911327072543
2020-07-29,0.9725720155991939
2020-07-30,1.3676380191644237
2020-07-31,
2020-08-03,-1.4815640661252159
2020-08-04,-0.6584459060878521
2020-08-05,-0.11258228176130157
2020-08-06,1.0038796060296644
2020-08-07,
2020-08-10,1.1306016636071445
2020-08-11,0.7419853732473115
2020-08-12,0.16599852987805316
2020-08-13,1.3620539871138857
2020-08-14,
2020-08-17,1.4077448680039302
2020-08-18,0.9869783893666069
2020-08-19,0.9275860467337791
2020-08-20,0.9934465893567241
2020-08-21,
2020-08-24,-0.1706495515320444
2020-08-25,-0.5378020039533558
2020-08-26,1.2536872584498497
2020-08-27,0.7374573966026963
2020-08-28,
2020-08-31,-1.4999996020489983
2020-09-01,-0.6539850779452554
2020-09-02,-0.06982430019021205
2020-09-03,1.0264144512976199
2020-09-04,
2020-09-08,1.2127702887733602
2020-09-09,1.0189196266454068
2020-09-10,0.9174188034124229
2020-09-11,
2020-09-14,1.2505201422570507
2020-09-15,1.0643957684221215
2020-09-16,0.9998028696129426
2020-09-17,1.2398871871433654
2020-09-18,
2020-09-21,0.8958995201510891
2020-09-22,0.6841676613002148
2020-09-23,0.22138147085309884
2020-09-24,0.9369041217061829
2020-09-25,
2020-09-28,0.524184993892128
2020-09-29,0.9361058542014554
2020-09-30,1.254669077807531
2020-10-01,0.9746600986853197
2020-10-02,
2020-10-05,-0.8767125231914659
2020-10-06,-0.9617040190597588
2020-10-07,-0.2276899340343851
2020-10-08,1.3919558453738738
2020-10-09,
2020-10-12,-1.3937798172944544
2020-10-13,-0.8917538846719907
2020-10-14,0.1305609359237665
2020-10-15,1.2776799062010071
2020-10-16,
2020-10-19,0.8859057060756383
2020-10-20,1.067021813837351
2020-10-21,1.1816286564793448
2020-10-22,0.7344515493560201
2020-10-23,
2020-10-26,1.4809077222357845
2020-10-27,0.920757375586424
2020-10-28,-0.5197986463582486
2020-10-29,-0.24148708244963962
2020-10-30,
2020-11-02,-1.4426867599902424
2020-11-03,-0.4797188471059015
2020-11-04,-0.6130780611346885
2020-11-05,-0.4674212785298373
2020-11-06,
2020-11-09,0.9983679443946816
2020-11-10,1.2042618617546765
2020-11-11,0.4458122863338866
2020-11-12,0.8512229277050983
2020-11-13,
2020-11-16,1.3047163165593547
2020-11-17,0.9024028251932887
2020-11-18,0.6706378171608512
2020-11-19,1.4387496780035356
2020-11-20,
2020-11-23,-1.4392747318092738
2020-11-24,-0.7339764201138995
2020-11-25,-0.2667996293216232
2020-11-27,
2020-11-30,1.4553314509253616
2020-12-01,0.17769083507895408
2020-12-02,0.4532264324730695
2020-12-03,0.058392570797326564
2020-12-04,
2020-12-07,1.3026155777942605
2020-12-08,0.9165444874287726
2020-12-09,-0.06775720265769847
2020-12-10,1.421477071144714
2020-12-11,
2020-12-14,-0.36261858233268046
2020-12-15,-1.4712690605581022
2020-12-16,-0.5783697321146711
2020-12-17,0.18996924050090291
2020-12-18,
2020-12-21,1.2067576811472234
2020-12-22,0.06087464543122941
2020-12-23,-0.691567302429773
2020-12-24,
2020-12-28,-0.4822454349395198
2020-12-29,0.8920941629522144
2020-12-30,1.0896734030840847
2020-12-31,
2021-01-04,1.4452284440277956
2021-01-05,1.1936982508293188
2021-01-06,-1.1929875023235583
2021-01-07,-1.1917522411989383
2021-01-08,
2021-01-11,-0.26092732362517584
2021-01-12,1.2524662996441625
2021-01-13,0.8201115274122361
2021-01-14,0.7337899726195534
2021-01-15,
2021-01-19,1.3467268414154703
2021-01-20,-1.3199089875910492
2021-01-21,-1.2985229869256831
2021-01-22,
2021-01-25,1.368056426950327
2021-01-26,1.1750363010243463
2021-01-27,1.0887786052240906
2021-01-28,-1.1918043459154442
2021-01-29,
2021-02-01,-1.047543083179235
2021-02-02,-0.5295230606181671
2021-02-03,0.1711719797757608
2021-02-04,0.892045237020793
2021-02-05,
2021-02-08,1.3534768338115453
2021-02-09,1.1569774562129114
2021-02-10,0.8977818378513489
2021-02-11,1.1129968114864535
2021-02-12,
2021-02-16,0.1788200526044923
2021-02-17,-1.336454921967162
2021-02-18,1.2659839888217905
2021-02-19,
2021-02-22,-1.10348388386289
2021-02-23,1.213468378793443
2021-02-24,0.07715671258213139
2021-02-25,-0.5170639974491394
2021-02-26,
2021-03-01,-1.4400956210825318
2021-03-02,-0.7400373534677565
2021-03-03,-0.05053307106192446
2021-03-04,1.313823853268647
2021-03-05,
2021-03-08,-0.2334339726850246
2021-03-09,-1.2797768774435943
2021-03-10,0.06892752038045086
2021-03-11,0.8752013325740046
2021-03-12,
2021-03-15,1.1100059663919761
2021-03-16,1.0008315479624206
2021-03-17,1.0049538455837606
2021-03-18,-0.6204784855096634
2021-03-19,
2021-03-22,-1.200180811846281
2021-03-23,-0.10895423417236258
2021-03-24,0.6241254976659715
2021-03-25,1.359336096369721
2021-03-26,
2021-03-29,1.0526947910114746
2021-03-30,0.5642302853404264
2021-03-31,0.12492384827801595
2021-04-01,
2021-04-05,-1.4721179817335601
2021-04-06,-0.7958125096391202
2021-04-07,0.8716577590711406
2021-04-08,-0.4519710019167308
2021-04-09,
2021-04-12,-0.07823200476982116
2021-04-13,-1.2203175504193158
2021-04-14,-1.0203533349612968
2021-04-15,-1.1912364342168642
2021-04-16,
2021-04-19,1.4302805459483
2021-04-20,0.7246705447838157
2021-04-21,0.39834591842216915
2021-04-22,1.296573707967941
2021-04-23,
2021-04-26,1.4792523710709193
2021-04-27,1.0501235963287665
2021-04-28,1.0832075924139255
2021-04-29,-1.3050975021787674
2021-04-30,
2021-05-03,-0.981160364285803
2021-05-04,-1.0036695291254758
2021-05-05,-0.5865465236561208
2021-05-06,0.5979986239323822
2021-05-07,
2021-05-10,-0.22760719746447397
2021-05-11,1.0781028840257134
2021-05-12,0.2168339711098357
2021-05-13,-0.21437847888700087
2021-05-14,
2021-05-17,-0.9394489291223915
2021-05-18,0.047618884353141745
2021-05-19,1.4793989633376168
2021-05-20,-0.07847717119458318
2021-05-21,
2021-05-24,-0.7107724894789288
2021-05-25,-0.031108217055859862
2021-05-26,0.9549104513116152
2021-05-27,0.9981124414765843
2021-05-28,
2021-06-01,1.231368185528012
2021-06-02,1.0124040982044231
2021-06-03,1.2349708247444082
2021-06-04,
2021-06-07,-0.5051395085302788
2021-06-08,-0.28621545142954086
2021-06-09,0.4863848453997305
2021-06-10,-0.48063413991523823
2021-06-11,
2021-06-14,-1.4650682861734403
2021-06-15,-0.5975585031491867
2021-06-16,1.2419483985753532
2021-06-17,1.1088624026732499
2021-06-18,
2021-06-21,-0.27282018734018115
2021-06-22,-1.1025049641150138
2021-06-23,-0.40969287399978316
2021-06-24,0.5676827261525698
2021-06-25,
2021-06-28,0.9732858322092758
2021-06-29,1.3315238694980545
2021-06-30,0.8690933275373677
2021-07-01,1.0422046192157075
2021-07-02,
2021-07-06,1.3605252474041092
2021-07-07,-0.3379597524182011
2021-07-08,-1.4083813940461325
2021-07-09,
2021-07-12,-0.14931738933510985
2021-07-13,1.046197851149061
2021-07-14,-1.194668590408181
2021-07-15,-0.2100842977730856
2021-07-16,
2021-07-19,-1.3396875981977006
2021-07-20,-1.2771840677497739
2021-07-21,-0.5969551208294221
2021-07-22,0.6154477608647619
2021-07-23,
2021-07-26,1.4891522496267253
2021-07-27,0.946270844941674
2021-07-28,-0.5540589914095797
2021-07-29,-1.0181647730505925
2021-07-30,
2021-08-02,-0.3458040372298876
2021-08-03,0.5979270407530285
2021-08-04,0.6782184578653593
2021-08-05,-1.414649775776621
2021-08-06,
2021-08-09,0.8990524176966953
2021-08-10,0.7836021093092785
2021-08-11,0.7230737396857585
2021-08-12,1.4913904995145966
2021-08-13,
2021-08-16,0.2651458613477479
2021-08-17,0.2577135182142551
2021-08-18,-1.4423762037361272
2021-08-19,-0.47226800263446395
2021-08-20,
2021-08-23,-0.558214410676563
2021-08-24,0.36148399678282533
2021-08-25,-1.0313853993747626
2021-08-26,1.1687917528560254
2021-08-27,
2021-08-30,-1.3992113611747632
2021-08-31,-1.146852478648569
2021-09-01,-0.12538624058718942
2021-09-02,1.424438138465505
2021-09-03,
2021-09-07,0.9235147893384374
2021-09-08,-0.027755449744861833
2021-09-09,-1.0176840615783755
2021-09-10,
2021-09-13,-1.318634012918924
2021-09-14,-0.9455897431127328
2021-09-15,-0.23962859540083714
2021-09-16,1.4749763424131275
2021-09-17,
2021-09-20,0.5231750865080336
2021-09-21,0.2869177012175371
2021-09-22,-1.291767400626616
2021-09-23,-1.163915310303427
2021-09-24,
2021-09-27,0.6651922227162883
2021-09-28,1.0707613640054678
2021-09-29,1.2278244835412693
2021-09-30,1.4121619006257289
2021-10-01,
2021-10-04,-0.7118817628752104
2021-10-05,-0.9910690491986271
2021-10-06,0.6379424773266874
2021-10-07,-0.30963446789449406
2021-10-08,
2021-10-11,0.8708149133624349
2021-10-12,0.6142116575632647
2021-10-13,0.08686024667694095
2021-10-14,-1.4456047375750132
2021-10-15,
2021-10-18,0.3173558099964573
2021-10-19,-0.46120099980361867
2021-10-20,0.29436196611997184
2021-10-21,1.10803276912202
2021-10-22,
2021-10-25,1.460486016444387
2021-10-26,1.04459108027859
2021-10-27,1.1214514578543773
2021-10-28,1.1431427882402911
2021-10-29,
2021-11-01,-1.3958340304510717
2021-11-02,-0.8235630762534336
2021-11-03,-0.4307396604820863
2021-11-04,-0.9782948951531382
2021-11-05,
2021-11-08,1.3253736531416394
2021-11-09,1.0010224362796847
2021-11-10,-0.24185606479726873
2021-11-11,-1.0325903770604818
2021-11-12,
2021-11-15,-0.16385718672235602
2021-11-16,0.9673208451488321
2021-11-17,0.20421918325934443
2021-11-18,1.4896323735601174
2021-11-19,
2021-11-22,-0.09680883805962887
2021-11-23,-0.24223351191928463
2021-11-24,-1.22038534404093
2021-11-26,
2021-11-29,-1.4474648776664494
2021-11-30,-0.2780862210852987
2021-12-01,1.1033715596045233
2021-12-02,1.3591206385277108
2021-12-03,
2021-12-06,-0.26552856615956427
2021-12-07,-1.1798740553942084
2021-12-08,-0.3712649927154637
2021-12-09,0.5044271555296463
2021-12-10,
2021-12-13,0.30973457018433564
2021-12-14,1.247020899588905
2021-12-15,-0.11270400128484945
2021-12-16,-1.4328416806341324
2021-12-17,
2021-12-20,-0.000625855046701029
2021-12-21,-0.35114243384038857
2021-12-22,-0.2148160847119456
2021-12-23,
2021-12-27,0.018115320299659208
2021-12-28,1.4343205329085547
2021-12-29,1.051879836096219
2021-12-30,0.14689053945657973
2021-12-31,
2022-01-03,-0.015059279587245896
2022-01-04,-0.03400058738886762
2022-01-05,1.026182148416716
2022-01-06,-1.488221802278381
2022-01-07,
2022-01-10,1.3887010939263227
2022-01-11,0.3864140909944033
2022-01-12,0.03045301498947269
2022-01-13,-0.6184028734449954
2022-01-14,
2022-01-18,1.4032641301285391
2022-01-19,-0.7585126421387647
2022-01-20,0.9404003255842833
2022-01-21,
2022-01-24,1.4892526716452534
2022-01-25,0.9714698572197891
2022-01-26,0.9400347502253003
2022-01-27,1.4247065225925115
2022-01-28,
2022-01-31,-1.4098003496360432
2022-02-01,-0.7448354111013156
2022-02-02,-0.3536079338687785
2022-02-03,1.1561713292323414
2022-02-04,
2022-02-07,1.1426237728442294
2022-02-08,0.6621212391637918
2022-02-09,0.702471233498666
2022-02-10,0.4811487262235421
2022-02-11,
2022-02-14,1.4697759656451341
2022-02-15,-0.0897675765318428
2022-02-16,0.820289613489252
2022-02-17,0.3121444749519988
2022-02-18,
2022-02-22,0.7525232208520821
2022-02-23,-1.421673777566935
2022-02-24,1.4861278874303112
2022-02-25,
2022-02-28,-0.18126735297293142
2022-03-01,0.027615888198056514
2022-03-02,-0.4295812610216172
2022-03-03,-0.03956587325766024
2022-03-04,
2022-03-07,-1.1125966477569267
2022-03-08,1.413925509970673
2022-03-09,-1.4176762208318676
2022-03-10,-0.9607276624258679
2022-03-11,
2022-03-14,-0.8097783470551118
2022-03-15,-1.0782985178039275
2022-03-16,-1.4579762300889327
2022-03-17,0.6288393722953486
2022-03-18,
2022-03-21,0.7624359071073346
2022-03-22,0.5817740492904002
2022-03-23,1.4123927843947384
2022-03-24,-0.9854407288384338
2022-03-25,
2022-03-28,1.0390605101504298
2022-03-29,0.28706379350143557
2022-03-30,0.7770555780819338
2022-03-31,-0.267747216186404
2022-04-01,
2022-04-04,-1.2510071226845951
2022-04-05,-1.0803911441322722
2022-04-06,0.01695646356385669
2022-04-07,1.3411270637556159
2022-04-08,
2022-04-11,0.22681701664140624
2022-04-12,0.5813013494314492
2022-04-13,1.3048252808388636
2022-04-14,
2022-04-18,-1.1125723842265287
2022-04-19,-0.5203693677686352
2022-04-20,0.874799472188815
2022-04-21,1.3069654518274427
2022-04-22,
2022-04-25,1.4265176799238093
2022-04-26,0.6443893436861664
2022-04-27,1.1457421149510816
2022-04-28,1.0418174054065121
2022-04-29,
2022-05-02,-1.3870063845299847
2022-05-03,-0.7910638211281142
2022-05-04,-0.7900830163017993
2022-05-05,-1.4147236823229108
2022-05-06,
2022-05-09,-0.25699725787545596
2022-05-10,0.7462481744712051
2022-05-11,-0.6538710208077014
2022-05-12,0.035010164683889414
2022-05-13,
2022-05-16,0.37731190808426707
2022-05-17,0.6128190022612967
2022-05-18,-1.480203607309963
2022-05-19,-0.35894049481079876
2022-05-20,
2022-05-23,0.419889247057181
2022-05-24,1.148103191656145
2022-05-25,1.2400256808593788
2022-05-26,1.254202378388266
2022-05-27,
2022-05-31,-0.2781272332856223
2022-06-01,0.02387871988218713
2022-06-02,0.4550839060602582
2022-06-03,
2022-06-06,-0.30626943655340205
2022-06-07,0.23069093930903448
2022-06-08,0.7148257803681684
2022-06-09,-0.20830748500939017
2022-06-10,
2022-06-13,-1.4643310616185101
2022-06-14,-0.0655202402398024
2022-06-15,0.5315701436634661
2022-06-16,-0.6720971457410663
2022-06-17,
2022-06-21,-0.9851171770545052
2022-06-22,0.6654640605431584
2022-06-23,1.0721550541201634
2022-06-24,
2022-06-27,0.874522733692396
2022-06-28,-0.45255787917232226
2022-06-29,1.224603865236128
2022-06-30,0.6254067557590693
2022-07-01,
2022-07-05,1.0080842254868154
2022-07-06,1.2329275116718013
2022-07-07,0.7405387708118819
2022-07-08,
2022-07-11,0.24070929102947547
2022-07-12,1.4970142886843647
2022-07-13,1.1874649648292013
2022-07-14,0.7400340820588924
2022-07-15,
2022-07-18,-1.36869601652933
2022-07-19,-1.1055370654389283
2022-07-20,-0.5975142469345494
2022-07-21,0.33825514107305044
2022-07-22,
2022-07-25,1.4953821878019302
2022-07-26,1.136649847236034
2022-07-27,0.2523045505879717
2022-07-28,1.2970356201605564
2022-07-29,
2022-08-01,-1.40305125337129
2022-08-02,-0.7377733888917213
2022-08-03,-0.723928724208584
2022-08-04,-0.6622758667058809
2022-08-05,
2022-08-08,0.8190896892382
2022-08-09,1.2504100969004595
2022-08-10,-0.3867323035491259
2022-08-11,-0.12404505857365987
2022-08-12,
2022-08-15,-0.3338788502440001
2022-08-16,0.9991696953084127
2022-08-17,1.394568981971324
2022-08-18,0.9053772578810261
2022-08-19,
2022-08-22,-0.8740171149867044
2022-08-23,0.09346509161685827
2022-08-24,1.121356160108808
2022-08-25,1.006517690181788
2022-08-26,
2022-08-29,-1.4094649430947286
2022-08-30,-0.6843217025940679
2022-08-31,-0.001792368484985064
2022-09-01,1.389439422397037
2022-09-02,
2022-09-06,0.9419964187654797
2022-09-07,0.47286725223381315
2022-09-08,-1.46835027444998
2022-09-09,
2022-09-12,-1.4108420682434097
2022-09-13,-1.4449442668443457
2022-09-14,-0.4874852789805664
2022-09-15,0.11333092753635947
2022-09-16,
2022-09-19,1.2140092424432725
2022-09-20,1.177043081263446
2022-09-21,0.6463564351441858
2022-09-22,1.002563399317354
2022-09-23,
2022-09-26,1.318590837976802
2022-09-27,1.139181006686603
2022-09-28,1.0696271138326932
2022-09-29,-1.4236538213268204
2022-09-30,
2022-10-03,-1.1974392704379289
2022-10-04,-0.7687418240689918
2022-10-05,0.566358902856621
2022-10-06,1.294316028104041
2022-10-07,
2022-10-10,0.6345734883200655
2022-10-11,1.0594141920883953
2022-10-12,1.4187506215944472
2022-10-13,1.0223258943673164
2022-10-14,
2022-10-17,-1.3246950063678302
2022-10-18,-0.5709816163501958
2022-10-19,-0.003020957636364014
2022-10-20,0.9112704072143054
2022-10-21,
2022-10-24,1.4291716555543508
2022-10-25,0.9184133090336465
2022-10-26,1.077351328873196
2022-10-27,1.4471437175865856
2022-10-28,
2022-10-31,-1.390795308084891
2022-11-01,-0.7120649695775553
2022-11-02,-0.49421375080961033
2022-11-03,-0.8161501817326121
2022-11-04,
2022-11-07,1.3627544637059832
2022-11-08,1.1202039117606357
2022-11-09,0.6045560559703198
2022-11-10,-1.488552631117344
2022-11-11,
2022-11-14,-0.47072809660055603
2022-11-15,0.2185766767688803
2022-11-16,0.9985657565982041
2022-11-17,1.1090683792693952
2022-11-18,
2022-11-21,0.5678546846662504
2022-11-22,0.7043296160784812
2022-11-23,0.9655934932131874
2022-11-25,
2022-11-28,1.335823080366718
2022-11-29,1.0499318439476797
2022-11-30,-1.285472488761707
2022-12-01,-0.200791821591059
2022-12-02,
2022-12-05,0.47042174685286947
2022-12-06,0.7193784998600137
2022-12-07,1.263839371507796
2022-12-08,1.265937239200199
2022-12-09,
2022-12-12,1.3824597597578112
2022-12-13,0.7296181502222684
2022-12-14,-0.0703103105332319
2022-12-15,-1.4672877331197174
2022-12-16,
2022-12-19,-0.8426395490199516
2022-12-20,-0.08164014722580029
2022-12-21,0.586732786415815
2022-12-22,0.732136094842675
2022-12-23,
2022-12-27,1.4487630991535698
2022-12-28,0.12686671347319267
2022-12-29,-1.2090419449823904
2022-12-30,
2023-01-03,0.06820116366329096
2023-01-04,1.0642988407776985
2023-01-05,1.1348786611015076
2023-01-06,
2023-01-09,-0.6442773117787678
2023-01-10,0.8367212249021855
2023-01-11,1.1500820267048038
2023-01-12,-0.007835335404991347
2023-01-13,
2023-01-17,-0.19823317617564767
2023-01-18,0.16107354440721877
2023-01-19,1.3560731954491718
2023-01-20,
2023-01-23,-0.8949474769196046
2023-01-24,0.14494879846558373
2023-01-25,-0.08456695682316014
2023-01-26,0.01468860369797266
2023-01-27,
2023-01-30,1.4970687414293513
2023-01-31,1.080477999955426
2023-02-01,0.9351495316161734
2023-02-02,1.3582525096209683
2023-02-03,
2023-02-06,-1.3875168296640121
2023-02-07,-0.8165011816575025
2023-02-08,-0.520875903527061
2023-02-09,0.8963577614575959
2023-02-10,
2023-02-13,1.4875751799827108
2023-02-14,0.562337877461311
2023-02-15,0.031206206392221107
2023-02-16,0.7638215535637785
2023-02-17,
2023-02-21,-1.2539353239085334
2023-02-22,-0.47427782412821534
2023-02-23,0.8917924854092151
2023-02-24,
2023-02-27,-0.42615285260630564
2023-02-28,-0.13895431123189003
2023-03-01,-0.30973854300833414
2023-03-02,1.1114458513814742
2023-03-03,
2023-03-06,-1.475721353884977
2023-03-07,-0.64008345101927
2023-03-08,0.4672857981096982
2023-03-09,1.3968675659294372
2023-03-10,
2023-03-13,0.7296765411153984
2023-03-14,-0.45151982580253325
2023-03-15,-0.06961337986785593
2023-03-16,0.2851253411775708
2023-03-17,
2023-03-20,1.1246579530494047
2023-03-21,0.44405041293362907
2023-03-22,-0.042717852235431876
2023-03-23,1.254635709782651
2023-03-24,
2023-03-27,-1.3514434618157771
2023-03-28,-0.6603195160704517
2023-03-29,-1.2562175826939084
2023-03-30,-0.8757964381083607
2023-03-31,
2023-04-03,-0.2761483645148638
2023-04-04,1.2543271923914578
2023-04-05,1.261062008316002
2023-04-06,
2023-04-10,0.5740778850157523
2023-04-11,1.3466770671657415
2023-04-12,-0.25301652948788933
2023-04-13,-1.4790141702958424
2023-04-14,
2023-04-17,-0.673977304911552
2023-04-18,0.2686389842505306
2023-04-19,1.2076210498836109
2023-04-20,0.6417904679247857
2023-04-21,
2023-04-24,0.9433618669909698
2023-04-25,1.463386883305317
2023-04-26,0.6072972350519534
2023-04-27,-0.9827974435803237
2023-04-28,
2023-05-01,1.437979389811841
2023-05-02,1.0470203670186733
2023-05-03,1.0721429101788678
2023-05-04,1.3947716043975373
2023-05-05,
2023-05-08,-1.3134293264250994
2023-05-09,-0.8061960255025877
2023-05-10,-0.47127856686484393
2023-05-11,1.0751230806813799
2023-05-12,
2023-05-15,1.4560154733512143
2023-05-16,1.1028078619409498
2023-05-17,1.076391937282586
2023-05-18,0.9768981883713065
2023-05-19,
2023-05-22,0.7057223957605647
2023-05-23,-1.372167902686188
2023-05-24,1.1419526731289154
2023-05-25,0.4818900870939831
2023-05-26,
2023-05-30,0.4036581791621386
2023-05-31,1.4341480618858757
2023-06-01,-0.2708133414443461
2023-06-02,
2023-06-05,1.3179871320348069
2023-06-06,-0.48945527456015686
2023-06-07,0.2559296341951069
2023-06-08,0.238693864380751
2023-06-09,
2023-06-12,-0.8800540659845447
2023-06-13,-1.0236596762070695
2023-06-14,-0.934557692135309
2023-06-15,-1.3702749974144735
2023-06-16,
2023-06-20,0.7971150358851541
2023-06-21,0.9957866588291162
2023-06-22,-0.0042155203349225675
2023-06-23,
2023-06-26,-1.0633279918587573
2023-06-27,-1.0743876658748097
2023-06-28,-0.6302231659818861
2023-06-29,0.846943262863958
2023-06-30,
2023-07-03,-1.481912669620698
2023-07-05,0.14430851386161456
2023-07-06,1.2223875831829971
2023-07-07,
2023-07-10,-0.01838685610751527
2023-07-11,0.13138002409883887
2023-07-12,-0.812669662068052
2023-07-13,0.578649183402286
2023-07-14,
2023-07-17,-0.36254517994430385
2023-07-18,0.7456307988320025
2023-07-19,1.4666590368101917
2023-07-20,0.8359825527119865
2023-07-21,
2023-07-24,0.4210079539210845
2023-07-25,1.4939522360759732
2023-07-26,-0.09042546076513873
2023-07-27,0.6500840378087309
2023-07-28,
2023-07-31,1.491133173777581
2023-08-01,1.0966428746866195
2023-08-02,1.0382269942692524
2023-08-03,1.4109846482036026
2023-08-04,
2023-08-07,-1.3860838364109103
2023-08-08,-0.7478499308908603
2023-08-09,-0.34577404809082884
2023-08-10,0.7676670044753342
2023-08-11,
2023-08-14,1.2049182231919076
2023-08-15,1.0821182427811769
2023-08-16,1.062970042790015
2023-08-17,1.243396530104889
2023-08-18,
2023-08-21,0.8603374780946808
2023-08-22,0.5746071196054041
2023-08-23,1.440283324628726
2023-08-24,-1.4658587317603746
2023-08-25,
2023-08-28,-1.169437381865984
2023-08-29,-0.8161925499624103
2023-08-30,-0.8547995538399235
2023-08-31,1.1650666675434338
