Date,0
2019-03-19,0.476858150536422
2019-03-20,0.5124959022469713
2019-03-21,0.4997901495950638
2019-03-22,0.5361459450650021
2019-03-25,0.6291812317535629
2019-03-26,0.6108997403010459
2019-03-27,0.5939490798954996
2019-03-28,0.5878107660897057
2019-03-29,0.6358131103340902
2019-04-01,0.6194986830718563
2019-04-02,0.6200360586753509
2019-04-03,0.6021772477454044
2019-04-04,0.5852184845769692
2019-04-05,0.5741547944430588
2019-04-08,0.5731275508636808
2019-04-09,0.5712392534487626
2019-04-10,0.566676631113245
2019-04-11,0.5678497733252644
2019-04-12,0.5585582530264567
2019-04-15,0.5437586469220391
2019-04-16,0.5294001797174027
2019-04-17,0.5758726499206832
2019-04-18,0.5637530496742885
2019-04-22,0.5485903636240507
2019-04-23,0.533849920883104
2019-04-24,0.5219907460267997
2019-04-25,0.5485022752227094
2019-04-26,0.5439259477904678
2019-04-29,0.5296438454602453
2019-04-30,0.5249144617529355
2019-05-01,0.5946069564367413
2019-05-02,0.5817209176034164
2019-05-03,0.5698610047350423
2019-05-06,0.5546218095274306
2019-05-07,0.5432599222528813
2019-05-08,0.5677762551882107
2019-05-09,0.6104654459809414
2019-05-10,0.5980529722663699
2019-05-13,0.59669339815064
2019-05-14,0.7894820740159694
2019-05-15,0.8148804520794619
2019-05-16,0.8074641788796935
2019-05-17,0.7835140940687655
2019-05-20,0.7745458855090405
2019-05-21,0.7521555128213704
2019-05-22,0.7306708745814653
2019-05-23,0.7195850174747307
2019-05-24,0.7618764285831175
2019-05-28,0.7445652594358095
2019-05-29,0.7546302469160617
2019-05-30,0.7735903670224108
2019-05-31,0.7549463103919157
2019-06-03,0.7485562387334072
2019-06-04,0.7480468749575419
2019-06-05,0.7333629240488148
2019-06-06,0.8038598011708793
2019-06-07,0.7871296571623764
2019-06-10,0.7752087614855485
2019-06-11,0.7678119950360547
2019-06-12,0.7554647750718162
2019-06-13,0.7784120585543318
2019-06-14,0.7550202118284337
2019-06-17,0.7572102552478411
2019-06-18,0.7353372136097343
2019-06-19,0.721162681722736
2019-06-20,0.70229947698622
2019-06-21,0.6955260580884547
2019-06-24,0.6754994102985814
2019-06-25,0.6558431799475121
2019-06-26,0.6389561309670472
2019-06-27,0.7620919272372584
2019-06-28,0.7391253576458681
2019-07-01,0.7169042643504746
2019-07-02,0.7018234100918886
2019-07-03,0.6989954427714312
2019-07-05,0.6878240998775986
2019-07-08,0.6712781836278892
2019-07-09,0.6559732414099295
2019-07-10,0.6379479956382911
2019-07-11,0.620429337758891
2019-07-12,0.6026142102819295
2019-07-15,0.6141959044220076
2019-07-16,0.6034839859573555
2019-07-17,0.5921179817750899
2019-07-18,0.5910347396842566
2019-07-19,0.5903083765049832
2019-07-22,0.6111726344323805
2019-07-23,0.6060777214580767
2019-07-24,0.6158023409456387
2019-07-25,0.599435211602535
2019-07-26,0.5825621474194038
2019-07-29,0.5675890444581216
2019-07-30,0.5716569357421502
2019-07-31,0.5603265584776639
2019-08-01,0.549056350732678
2019-08-02,0.6146959717323149
2019-08-05,0.5977442603799525
2019-08-06,0.6028620284371959
2019-08-07,0.5886557355012274
2019-08-08,0.5724451651707185
2019-08-09,0.557534327173454
2019-08-12,0.5508410748555854
2019-08-13,0.5604737033979712
2019-08-14,0.5860441490572834
2019-08-15,0.5865627505159574
2019-08-16,0.6066499596405815
2019-08-19,0.5946355872089399
2019-08-20,0.5783976974283109
2019-08-21,0.5626246522200451
2019-08-22,0.547521831342737
2019-08-23,0.5382751667520874
2019-08-26,0.5245107129786586
2019-08-27,0.5506623642474318
2019-08-28,0.5445943834103619
2019-08-29,0.5430623826614859
2019-08-30,0.5306672664804643
2019-09-03,0.5259620418770695
2019-09-04,0.6517482547117852
2019-09-05,0.6503529716987057
2019-09-06,0.6957962512503286
2019-09-09,0.7007482195660086
2019-09-10,0.6849018664368703
2019-09-11,0.6649421228000325
2019-09-12,0.6680812274599115
2019-09-13,0.6486480336356157
2019-09-16,0.6472184254290175
2019-09-17,0.6320561474564944
2019-09-18,0.6294631531827308
2019-09-19,0.6156357571508729
2019-09-20,0.6041133294648133
2019-09-23,0.5877235579771791
2019-09-24,0.5724335696874934
2019-09-25,0.6579516131997041
2019-09-26,0.6393253536652629
2019-09-27,0.6320327285110412
2019-09-30,0.6140957896293824
2019-10-01,0.5994677751238275
2019-10-02,0.5905834230804591
2019-10-03,0.5901770046385432
2019-10-04,0.578206196234552
2019-10-07,0.5756502274233196
2019-10-08,0.5600878812213941
2019-10-09,0.5453672846637854
2019-10-10,0.5311152083615079
2019-10-11,0.528473681422533
2019-10-14,0.5610300434739119
2019-10-15,0.584968839844385
2019-10-16,0.5880273437413265
2019-10-17,0.5725875146799905
2019-10-18,0.5584783868434663
2019-10-21,0.5495319189202261
2019-10-22,0.5395438131114425
2019-10-23,0.5391450039677277
2019-10-24,0.527152165326317
2019-10-25,0.5161209477072605
2019-10-28,0.569400259903963
2019-10-29,0.6079413817896404
2019-10-30,0.5909405331576794
2019-10-31,0.5841578540913791
2019-11-01,0.5897665169905878
2019-11-04,0.5835037178637565
2019-11-05,0.6055961073951365
2019-11-06,0.6129577875517673
2019-11-07,0.5961426860955432
2019-11-08,0.6272586748259049
2019-11-11,0.6240063524174853
2019-11-12,0.613656385371037
2019-11-13,0.5974624532091659
2019-11-14,0.6589658902690819
2019-11-15,0.6432631600328299
2019-11-18,0.6248663761483176
2019-11-19,0.6094811958628115
2019-11-20,0.593061225874684
2019-11-21,0.5862330764785443
2019-11-22,0.5715201555074846
2019-11-25,0.5580176091546257
2019-11-26,0.5533997530161751
2019-11-27,0.5393505546237293
2019-11-29,0.528470666486634
2019-12-02,0.5164507946374338
2019-12-03,0.5038119957481597
2019-12-04,0.500880986647485
2019-12-05,0.4963050764112349
2019-12-06,0.48416205205985335
2019-12-09,0.48419432962019376
2019-12-10,0.47759825153895685
2019-12-11,0.4670379329478046
2019-12-12,0.4564247300087903
2019-12-13,0.4670644855723038
2019-12-16,0.4572842985749828
2019-12-17,0.4989823481079204
2019-12-18,0.4941965541218526
2019-12-19,0.49590392160125024
2019-12-20,0.48373961536022375
2019-12-23,0.47217321467174017
2019-12-24,0.4957467247538504
2019-12-26,0.483718413511873
2019-12-27,0.47282556356102856
2019-12-30,0.4687253202154039
2019-12-31,0.46730822500211383
2020-01-02,0.45644199316254125
2020-01-03,0.557175721042245
2020-01-06,0.5546389151883238
2020-01-07,0.5398921534058649
2020-01-08,0.5263609913755318
2020-01-09,0.513175530612022
2020-01-10,0.5021983081252572
2020-01-13,0.49171343717126137
2020-01-14,0.490771520094138
2020-01-15,0.48217031619829753
2020-01-16,0.5439351048959721
2020-01-17,0.5455498833269653
2020-01-21,0.5492322966044828
2020-01-22,0.5801206277349875
2020-01-23,0.5685681776906429
2020-01-24,0.5822266875935527
2020-01-27,0.5902174608025704
2020-01-28,0.6065107007138836
2020-01-29,0.5912594606695704
2020-01-30,0.576753949900466
2020-01-31,0.5715133010606711
2020-02-03,0.5688037956373403
2020-02-04,0.5538633426463934
2020-02-05,0.6264344841616756
2020-02-06,0.6090983210149047
2020-02-07,0.5921066635932987
2020-02-10,0.5769758423265963
2020-02-11,0.5628288283372438
2020-02-12,0.5535228217560751
2020-02-13,0.5429816784315913
2020-02-14,0.5802643521467166
2020-02-18,0.5744400708141785
2020-02-19,0.6138512170148942
2020-02-20,0.6411456382276417
2020-02-21,0.6384256469979321
2020-02-24,0.6214556690159682
2020-02-25,0.6740557156241909
2020-02-26,0.6955249918845405
2020-02-27,0.7161517410713494
2020-02-28,0.7052754565796872
2020-03-02,0.932489561391303
2020-03-03,1.1278717369494933
2020-03-04,1.0882129146681268
2020-03-05,1.3678532839289965
2020-03-06,1.3412073210672357
2020-03-09,1.2920581858930793
2020-03-10,1.2776985754381232
2020-03-11,1.257277308230418
2020-03-12,1.334291919702246
2020-03-13,1.3663345765868888
2020-03-16,1.3223401103248165
2020-03-17,1.3902400226965552
2020-03-18,2.686768008778418
2020-03-19,2.655840179543658
2020-03-20,3.0355232181886973
2020-03-23,3.742586161886811
2020-03-24,4.002216338003951
2020-03-25,4.505992732737193
2020-03-26,4.378652739673955
2020-03-27,4.485631031557814
2020-03-30,4.311046003556472
2020-03-31,4.128563719315628
2020-04-01,4.127273922159892
2020-04-02,4.088749736653543
2020-04-03,3.9196297121465085
2020-04-06,3.9115087224186884
2020-04-07,4.069557432720698
2020-04-08,3.8988337990409696
2020-04-09,3.8504391558500655
2020-04-13,3.793990794065608
2020-04-14,3.7064158813149337
2020-04-15,3.5640972839443505
2020-04-16,3.4429438750164154
2020-04-17,3.295729017805442
2020-04-20,3.2017922344840737
2020-04-21,3.086586739402643
2020-04-22,2.9638497342639205
2020-04-23,2.8602820235143342
2020-04-24,2.767329042307834
2020-04-27,2.6653139180471257
2020-04-28,2.547198914202374
2020-04-29,2.4347577509604497
2020-04-30,2.362038234818942
2020-05-01,2.279823492077844
2020-05-04,2.200251163821129
2020-05-05,2.1003201246425576
2020-05-06,2.0013636589461905
2020-05-07,2.04402000621257
2020-05-08,1.9563652767264428
2020-05-11,1.8718712534822064
2020-05-12,1.7852732972283385
2020-05-13,1.713016722566949
2020-05-14,1.6286880550549554
2020-05-15,1.5474315376080348
2020-05-18,1.5209548147886427
2020-05-19,1.6175523193118178
2020-05-20,1.5679005140710456
2020-05-21,1.4974098400791285
2020-05-22,1.4288133175221134
2020-05-26,1.3691477758330242
2020-05-27,1.3051390463510575
2020-05-28,1.2670407014629543
2020-05-29,1.426378038737612
2020-06-01,1.3639771339104503
2020-06-02,1.336786545018876
2020-06-03,1.2749288840250337
2020-06-04,1.2265659155888677
2020-06-05,1.2485672484186991
2020-06-08,1.2069938905800193
2020-06-09,1.3558544117643387
2020-06-10,1.3358490867828396
2020-06-11,1.2886257778314678
2020-06-12,1.2476040160156268
2020-06-15,1.258712489979487
2020-06-16,1.202946526274979
2020-06-17,1.1507214781985649
2020-06-18,1.1022362659284841
2020-06-19,1.0536050042066494
2020-06-22,1.1114427104322693
2020-06-23,1.1018091578977856
2020-06-24,1.094520215764598
2020-06-25,1.046252015767373
2020-06-26,1.0811605588487576
2020-06-29,1.0353450154085226
2020-06-30,1.0084534396239857
2020-07-01,0.9649087483622756
2020-07-02,0.9988343009507913
2020-07-06,0.9555350032961275
2020-07-07,0.9608457429412035
2020-07-08,0.9195464995138233
2020-07-09,0.8827301646646376
2020-07-10,0.869951593876632
2020-07-13,0.874384395087624
2020-07-14,0.9362268728938139
2020-07-15,0.896482078426724
2020-07-16,0.8936980115127764
2020-07-17,0.912519616799781
2020-07-20,0.9289029780244036
2020-07-21,0.9772370563754896
2020-07-22,0.938755306942802
2020-07-23,0.9481077570523877
2020-07-24,0.9212495210253763
2020-07-27,0.9015255500723368
2020-07-28,0.9595106625004124
2020-07-29,0.9970450095452379
2020-07-30,0.9547113504255305
2020-07-31,0.9148047949831591
2020-08-03,0.8770762318891696
2020-08-04,0.8811010621826322
2020-08-05,0.8640581519921688
2020-08-06,0.9128159124201203
2020-08-07,0.8788884956403448
2020-08-10,0.9388092302701985
2020-08-11,0.899282352851261
2020-08-12,0.9252449381702118
2020-08-13,0.9017327267956279
2020-08-14,0.8654759780723281
2020-08-17,0.8600822464055194
2020-08-18,0.8326408281566544
2020-08-19,0.809509466180728
2020-08-20,0.7776609492491273
2020-08-21,0.7729754862650648
2020-08-24,0.7428976087218792
2020-08-25,0.7377229037534019
2020-08-26,0.754095696106321
2020-08-27,0.7432544875660708
2020-08-28,0.7335969972863985
2020-08-31,0.7107917897869683
2020-09-01,0.7570167470290734
2020-09-02,0.776957704549027
2020-09-03,1.0649431539922618
2020-09-04,1.0682576935585002
2020-09-08,1.079478454869421
2020-09-09,1.0338352450475166
2020-09-10,0.9921335845830153
2020-09-11,1.0032770042494392
2020-09-14,0.9795912635426102
2020-09-15,0.9609897583162352
2020-09-16,0.9301209439832608
2020-09-17,0.8912836052193409
2020-09-18,0.8709448682428113
2020-09-21,0.9561668521004499
2020-09-22,0.9311874029388479
2020-09-23,0.8959412695585052
2020-09-24,0.8799796261002927
2020-09-25,0.8760690603294555
2020-09-28,0.8679402945052515
2020-09-29,0.832718350788152
2020-09-30,0.799285988342298
2020-10-01,0.7959574272320685
2020-10-02,0.8038855401084875
2020-10-05,0.850204151658271
2020-10-06,0.8717051314668437
2020-10-07,0.9000872718397229
2020-10-08,0.8630800485405153
2020-10-09,0.871438639126834
2020-10-12,0.8472436381727908
2020-10-13,0.8248273702925395
2020-10-14,0.7936775339560674
2020-10-15,0.7621126348584981
2020-10-16,0.7338356978649226
2020-10-19,0.7551858926875431
2020-10-20,0.7278463828411617
2020-10-21,0.711075307987409
2020-10-22,0.6980924301549477
2020-10-23,0.7325103376459942
2020-10-26,0.7040875839762959
2020-10-27,0.7834038543976118
2020-10-28,0.7539301263002093
2020-10-29,0.729454501336455
2020-10-30,0.7125516065987559
2020-11-02,0.7089094389457312
2020-11-03,0.8000536641723739
2020-11-04,0.7901917016299808
2020-11-05,1.1358256274520728
2020-11-06,1.0863800954509601
2020-11-09,1.0777676906115734
2020-11-10,1.1571909984088116
2020-11-11,1.1383773967722526
2020-11-12,1.088594002402399
2020-11-13,1.0674351798312738
2020-11-16,1.0217757692961131
2020-11-17,0.992458991719056
2020-11-18,1.0478008648132282
2020-11-19,1.0725719917022492
2020-11-20,1.0711409689624136
2020-11-23,1.025833065830278
2020-11-24,0.9849998454593772
2020-11-25,0.9540160783553286
2020-11-27,0.9140377749714179
2020-11-30,0.9193684371614362
2020-12-01,0.9522175399572032
2020-12-02,0.9229382042460753
2020-12-03,0.901613310381122
2020-12-04,0.900555382257011
2020-12-07,0.9063527213122204
2020-12-08,0.8828754813486701
2020-12-09,0.8536975467205978
2020-12-10,0.8234224823894373
2020-12-11,0.7988956245858388
2020-12-14,0.7732615316677267
2020-12-15,0.7425872116926002
2020-12-16,0.7696553744991997
2020-12-17,0.7958262044377331
2020-12-18,0.7663268667386455
2020-12-21,0.7671413906242286
2020-12-22,0.7607371786377455
2020-12-23,0.7375127891790613
2020-12-24,0.721529087709608
2020-12-28,0.6934820562310741
2020-12-29,0.676050549755796
2020-12-30,0.6562484439723129
2020-12-31,0.6354337617416453
2021-01-04,0.7071293664972063
2021-01-05,0.7197938248137348
2021-01-06,0.7120551403942629
2021-01-07,0.8790779540320358
2021-01-08,0.9734637867087692
2021-01-11,0.9403440805810693
2021-01-12,0.9009092900973659
2021-01-13,0.889366899613103
2021-01-14,0.9234335302140974
2021-01-15,0.8848455718887605
2021-01-19,0.9106334032807228
2021-01-20,0.8921847470513171
2021-01-21,0.855366793871037
2021-01-22,0.839084738005571
2021-01-25,0.8083337087647942
2021-01-26,0.9574734765056107
2021-01-27,0.9483127152688452
2021-01-28,1.0492558298215595
2021-01-29,1.0407188805324166
2021-02-01,1.0009859792911797
2021-02-02,0.9632374655332683
2021-02-03,0.9401573753826781
2021-02-04,0.9476135873275369
2021-02-05,0.9130580722381411
2021-02-08,0.8756183781683112
2021-02-09,0.8543445889660118
2021-02-10,0.8198465655275655
2021-02-11,0.7941519453736171
2021-02-12,0.7844791569499143
2021-02-16,0.8009761125756932
2021-02-17,0.7813862511839617
2021-02-18,0.7510937884723878
2021-02-19,0.7468166128220335
2021-02-22,0.8124691383684387
2021-02-23,0.8627661514582601
2021-02-24,0.8416935083362075
2021-02-25,0.9030941945962478
2021-02-26,0.9470541226847013
2021-03-01,1.0143053432571625
2021-03-02,0.9791922662020393
2021-03-03,0.9382052966673661
2021-03-04,0.9008703312821016
2021-03-05,0.8799429146359898
2021-03-08,0.8479962505800889
2021-03-09,0.9084800099676283
2021-03-10,0.8879904264788043
2021-03-11,0.8519511305671601
2021-03-12,0.828094030772909
2021-03-15,0.8263040263091485
2021-03-16,0.8312323319813362
2021-03-17,0.7978023079003342
2021-03-18,0.8851496996769024
2021-03-19,0.856442594723568
2021-03-22,0.8217424283845195
2021-03-23,0.8760392302428934
2021-03-24,0.9566500248931002
2021-03-25,0.921654619130722
2021-03-26,0.8961074006150771
2021-03-29,0.8592338639132757
2021-03-30,0.9175299250524094
2021-03-31,0.9195694935490478
2021-04-01,0.8918093976085435
2021-04-05,0.8797148710266997
2021-04-06,0.8854933032410952
2021-04-07,0.8578103395879936
2021-04-08,0.828841189218665
2021-04-09,0.7981435180267928
2021-04-12,0.7675844993182414
2021-04-13,0.7379679880505425
2021-04-14,0.7443757349982163
2021-04-15,0.725934321762661
2021-04-16,0.7279587997786909
2021-04-19,0.7179427785247466
2021-04-20,0.6926633065142409
2021-04-21,0.7759739979320125
2021-04-22,0.79631171020975
2021-04-23,0.7684724669644184
2021-04-26,0.7576913749304052
2021-04-27,0.7377123060331747
2021-04-28,0.7319184514560837
2021-04-29,0.708273773173684
2021-04-30,0.7187218975369633
2021-05-03,0.7513838847327179
2021-05-04,0.7233959329750937
2021-05-05,0.6958298920871588
2021-05-06,0.787453402383769
2021-05-07,0.7599705292872245
2021-05-10,0.7374507916943059
2021-05-11,0.8436206306577456
2021-05-12,0.8156864617081042
2021-05-13,0.7849800455460892
2021-05-14,0.7583860925576648
2021-05-17,0.7723933459205176
2021-05-18,0.7541892568504661
2021-05-19,0.7304534398360121
2021-05-20,0.7044574603598753
2021-05-21,0.6798885956297835
2021-05-24,0.6599328397949376
2021-05-25,0.6644742465861482
2021-05-26,0.6939505573447315
2021-05-27,0.676136552309624
2021-05-28,0.6842640226953774
2021-06-01,0.6682248010994012
2021-06-02,0.6462422229824192
2021-06-03,0.6279192579201297
2021-06-04,0.6415914413648168
2021-06-07,0.6454064414801778
2021-06-08,0.6224021602281035
2021-06-09,0.617688439961441
2021-06-10,0.6482876477694698
2021-06-11,0.6248476695214791
2021-06-14,0.6037346202575327
2021-06-15,0.591999142338959
2021-06-16,0.5834544596857558
2021-06-17,0.604585516864539
2021-06-18,0.5944892879023245
2021-06-21,0.6718232978426791
2021-06-22,0.6613800475598468
2021-06-23,0.6852936528314015
2021-06-24,0.7155647955565573
2021-06-25,0.6911745805235194
2021-06-28,0.6990003874733722
2021-06-29,0.6908461791516884
2021-06-30,0.745961231974073
2021-07-01,0.7194693536587863
2021-07-02,0.7280305597590272
2021-07-06,0.7003775432277465
2021-07-07,0.7052294290091019
2021-07-08,0.691182040066986
2021-07-09,0.678757882832637
2021-07-12,0.6830077180395024
2021-07-13,0.6610087048898401
2021-07-14,0.6405120605020984
2021-07-15,0.6263335394255126
2021-07-16,0.6802467472922605
2021-07-19,0.7429376436854743
2021-07-20,0.7153410596525749
2021-07-21,0.6985809382776941
2021-07-22,0.7851204788738958
2021-07-23,0.7541738760781755
2021-07-26,0.7682565103488675
2021-07-27,0.738734726637514
2021-07-28,0.8742317026691647
2021-07-29,0.8740811148187209
2021-07-30,0.8386912531725703
2021-08-02,0.8174418641809835
2021-08-03,0.8231281580623093
2021-08-04,0.7906016615740074
2021-08-05,0.7602350199544657
2021-08-06,0.7550340644420148
2021-08-09,0.7286436461587749
2021-08-10,0.7019918365731775
2021-08-11,0.6764019739981988
2021-08-12,0.6685998003246987
2021-08-13,0.6440892423020518
2021-08-16,0.6302597531266364
2021-08-17,0.6367266860629096
2021-08-18,0.6395148443382853
2021-08-19,0.6406850533604931
2021-08-20,0.6292561235347601
2021-08-23,0.6079239113275599
2021-08-24,0.7300070870897298
2021-08-25,0.7209509741449763
2021-08-26,0.6936271239797833
2021-08-27,0.6768204369134603
2021-08-30,0.688252128985031
2021-08-31,0.662724550577757
2021-09-01,0.6386479206329627
2021-09-02,0.6660817808406221
2021-09-03,0.6784804142285533
2021-09-07,0.6812350290001266
2021-09-08,0.6725202444909791
2021-09-09,0.753310175486613
2021-09-10,0.7268934284890097
2021-09-13,0.7146987192730051
2021-09-14,0.7091748932829233
2021-09-15,0.6876378748456952
2021-09-16,0.6773901272762101
2021-09-17,0.6669355872475558
2021-09-20,0.6653041682655183
2021-09-21,0.6594706794951879
2021-09-22,0.6570090219763871
2021-09-23,0.6932272887929642
2021-09-24,0.7400063194116149
2021-09-27,0.7174801438278298
2021-09-28,0.7165409156724565
2021-09-29,0.6937989024310842
2021-09-30,0.7202520413850687
2021-10-01,0.7062506636298824
2021-10-04,0.7043119098376602
2021-10-05,0.8048787070713618
2021-10-06,0.7898323002677178
2021-10-07,0.827533994277944
2021-10-08,0.8258454707129779
2021-10-11,0.8296591088605564
2021-10-12,0.82438248026728
2021-10-13,0.8030383525002319
2021-10-14,0.7847133914732151
2021-10-15,0.7653740041142271
2021-10-18,0.7430747798733519
2021-10-19,0.7490443250672426
2021-10-20,0.753738666333817
2021-10-21,0.7973384054658589
2021-10-22,0.7662014114768632
2021-10-25,0.7481084576897562
2021-10-26,0.7270647416531575
2021-10-27,0.7211429544392831
2021-10-28,0.6993449478850702
2021-10-29,0.6784786400014806
2021-11-01,0.6643933730740968
2021-11-02,0.6444125318841245
2021-11-03,0.6212547148611853
2021-11-04,0.6231986763631984
2021-11-05,0.6078886255771518
2021-11-08,0.6490354597246596
2021-11-09,0.6867336202912022
2021-11-10,0.6743186862809937
2021-11-11,0.7221845124959047
2021-11-12,0.7226436469038853
2021-11-15,0.7078921402937054
2021-11-16,0.7543517148192375
2021-11-17,0.7300815283259705
2021-11-18,0.7049553072764448
2021-11-19,0.6858873658325508
2021-11-22,0.6809049236186419
2021-11-23,0.7083657870694396
2021-11-24,0.6834352473091306
2021-11-26,0.6593502395123265
2021-11-29,0.7305870914313074
2021-11-30,0.7068365773806321
2021-12-01,0.7752133166233172
2021-12-02,0.8141212490753507
2021-12-03,0.7839679278667487
2021-12-06,0.8634013978769361
2021-12-07,0.8351475205027603
2021-12-08,0.8353312907232473
2021-12-09,0.8294509329892984
2021-12-10,0.8032836307919201
2021-12-13,0.7798721918850808
2021-12-14,0.8497413948675475
2021-12-15,0.8157323997078091
2021-12-16,0.8006732318282171
2021-12-17,0.7916272888749354
2021-12-20,0.7969402946436893
2021-12-21,0.7688508326170367
2021-12-22,0.7611533527266402
2021-12-23,0.7418012914201638
2021-12-27,0.7162230881230888
2021-12-28,0.6944789334449697
2021-12-29,0.6965254179895541
2021-12-30,0.6743721242167241
2021-12-31,0.6588524590163926
2022-01-03,0.637101055477305
2022-01-04,0.6584662433051505
2022-01-05,0.6370784608841226
2022-01-06,0.6448389078483018
2022-01-07,0.6650449906430324
2022-01-10,0.6447178607143884
2022-01-11,0.6277745745418033
2022-01-12,0.6822781198469621
2022-01-13,0.6583114469776171
2022-01-14,0.7015767094608677
2022-01-18,0.7075725891278171
2022-01-19,0.6817690677079383
2022-01-20,0.6759907762398126
2022-01-21,0.6744315146073102
2022-01-24,0.6782801101752624
2022-01-25,0.6646399335604412
2022-01-26,0.6929361786424038
2022-01-27,0.6751608440380776
2022-01-28,0.6600730516633664
2022-01-31,0.6383930988839841
2022-02-01,0.6389054861209948
2022-02-02,0.8118704452875861
2022-02-03,0.8337407753312028
2022-02-04,0.8024832453011859
2022-02-07,0.8128021058075541
2022-02-08,0.7847517086027687
2022-02-09,0.7598230938786299
2022-02-10,0.7314256865645451
2022-02-11,0.7542819536387344
2022-02-14,0.7792862475883601
2022-02-15,0.7551227995740064
2022-02-16,0.7993507770346523
2022-02-17,0.7728498262104395
2022-02-18,0.8004066152288943
2022-02-22,0.7708791177978793
2022-02-23,0.7428357518037195
2022-02-24,0.7436928673192653
2022-02-25,0.7347014180631738
2022-02-28,0.8458405628954907
2022-03-01,0.8705044182107233
2022-03-02,0.838392968933939
2022-03-03,0.8101473037898959
2022-03-04,0.8712088747009278
2022-03-07,1.0623116108945423
2022-03-08,1.230651747152279
2022-03-09,1.257751271820962
2022-03-10,1.2788908611773677
2022-03-11,1.2224565636031948
2022-03-14,1.1691823286800886
2022-03-15,1.120184242952337
2022-03-16,1.0803530935689787
2022-03-17,1.0809315903419436
2022-03-18,1.034988756361065
2022-03-21,1.0465243323652877
2022-03-22,1.0024812952875528
2022-03-23,0.9606857766507022
2022-03-24,0.9241196346498434
2022-03-25,0.8910631695557654
2022-03-28,0.8979567342455593
2022-03-29,0.8641692001819312
2022-03-30,0.8353849703993323
2022-03-31,0.8232680490537027
2022-04-01,0.7959230702330848
2022-04-04,0.8087798468383814
2022-04-05,0.8117441689882969
2022-04-06,0.8514744791069506
2022-04-07,0.9866161516443083
2022-04-08,0.9483168775732164
2022-04-11,0.9102900748489554
2022-04-12,0.8747823198991935
2022-04-13,0.8426299002707144
2022-04-14,0.8494301608285713
2022-04-18,0.8214860922691898
2022-04-19,0.801015292650223
2022-04-20,0.7734861932240945
2022-04-21,0.7463842649749571
2022-04-22,0.7399633931722877
2022-04-25,0.7140435250932241
2022-04-26,0.7265371466593218
2022-04-27,0.7500354737143572
2022-04-28,0.7515291527774802
2022-04-29,0.7393401995264942
2022-05-02,0.8418622102977442
2022-05-03,0.8550454819267349
2022-05-04,0.8439247308486678
2022-05-05,0.8258432944142812
2022-05-06,0.8431969759865721
2022-05-09,0.8165328290306275
2022-05-10,0.8028171687122729
2022-05-11,0.8753911023832799
2022-05-12,0.845726193658775
2022-05-13,0.8510136534751054
2022-05-16,0.817333740010272
2022-05-17,0.7879718604666394
2022-05-18,0.7617672753649176
2022-05-19,0.7507042976370907
2022-05-20,0.7564057805049881
2022-05-23,0.7307014669975702
2022-05-24,0.7187343029125506
2022-05-25,0.8525784308227423
2022-05-26,0.8221220477252307
2022-05-27,0.789823497767811
2022-05-31,0.7856249943164577
2022-06-01,0.7986493263751089
2022-06-02,0.7688990895804835
2022-06-03,0.7397627039022395
2022-06-06,0.7169234063630625
2022-06-07,0.7027746322910948
2022-06-08,0.6773661928633228
2022-06-09,0.7844476226327188
2022-06-10,0.8384674231551646
2022-06-13,0.8052281284161424
2022-06-14,0.9322382746180752
2022-06-15,1.1304740112788405
2022-06-16,1.0904762867729272
2022-06-17,1.0749703509774853
2022-06-21,1.078245058841565
2022-06-22,1.0445000137960712
2022-06-23,1.0064337856471912
2022-06-24,1.1055456172360985
2022-06-27,1.089156979285745
2022-06-28,1.0544773466341926
2022-06-29,1.0108116132444611
2022-06-30,0.9687369863321126
2022-07-01,0.9659405491141881
2022-07-05,1.0155905890498178
2022-07-06,1.1680635223138907
2022-07-07,1.1301173436243817
2022-07-08,1.0836466606367865
2022-07-11,1.0545492725598056
2022-07-12,1.0467390542794537
2022-07-13,1.003585544364872
2022-07-14,0.9772687822418413
2022-07-15,0.9367412567426407
2022-07-18,0.9111485190001858
2022-07-19,0.9168708719995553
2022-07-20,0.8795359094013344
2022-07-21,0.9036805022819347
2022-07-22,0.8675599145970485
2022-07-25,0.876993564228329
2022-07-26,0.8934959899044571
2022-07-27,0.8965627701360781
2022-07-28,0.8686165163069286
2022-07-29,1.1088496620700234
2022-08-01,1.0676437239952303
2022-08-02,1.0292034869486897
2022-08-03,0.9886680909130228
2022-08-04,0.9478990652974746
2022-08-05,0.9099981003730018
2022-08-08,0.8744801945739996
2022-08-09,0.8394067848254391
2022-08-10,0.8504035184764195
2022-08-11,0.8235859055198553
2022-08-12,0.7916943003906916
2022-08-15,0.8308606382756729
2022-08-16,0.8398304934341837
2022-08-17,0.807343442504038
2022-08-18,0.7756726443297784
2022-08-19,0.751619866439412
2022-08-22,0.731005302380474
2022-08-23,0.7035510317092836
2022-08-24,0.6924301669430626
2022-08-25,0.6671057861923337
2022-08-26,0.6431496884384541
2022-08-29,0.6216471045328428
2022-08-30,0.610848119796604
2022-08-31,0.6845032477747892
2022-09-01,0.686161643651684
2022-09-02,0.7496652262042663
2022-09-06,0.7647968849433827
2022-09-07,0.761992522566373
2022-09-08,0.8861101505339372
2022-09-09,0.8551549399553569
2022-09-12,0.8210612507546843
2022-09-13,0.8308773125632493
2022-09-14,0.8449449769420648
2022-09-15,0.8150367063298641
2022-09-16,0.9539533648244343
2022-09-19,0.9204754469890352
2022-09-20,0.8894262255909273
2022-09-21,0.8802104187486499
2022-09-22,0.8778130442649716
2022-09-23,0.8460216267412072
2022-09-26,0.8126498677343039
2022-09-27,0.8400407819901642
2022-09-28,0.887376092489993
2022-09-29,0.854033255429079
2022-09-30,1.1444920481146201
2022-10-03,1.1963609659209768
2022-10-04,1.2481210862172787
2022-10-05,1.2315108836376691
2022-10-06,1.2682506757992493
2022-10-07,1.3307813670383009
2022-10-10,1.3316657895411188
2022-10-11,1.2797126688177998
2022-10-12,1.2241209414403733
2022-10-13,1.4155593850846242
2022-10-14,1.401609142261156
2022-10-17,1.3655763315456566
2022-10-18,1.3486457134667036
2022-10-19,1.3334313818549361
2022-10-20,1.29338554144319
2022-10-21,1.3925796883149086
2022-10-24,1.370868008897773
2022-10-25,1.3271646300844602
2022-10-26,1.297555616319402
2022-10-27,1.2533388967461767
2022-10-28,1.2183698723379566
2022-10-31,1.271773945539835
2022-11-01,1.2244644081801344
2022-11-02,1.1729803990405505
2022-11-03,1.144470989024811
2022-11-04,1.103810270292314
2022-11-07,1.056809550423373
2022-11-08,1.121817249393712
2022-11-09,1.088339081985368
2022-11-10,1.0453628594617523
2022-11-11,1.221031052205337
2022-11-14,1.242089393995121
2022-11-15,1.2008165155023705
2022-11-16,1.1802293231661183
2022-11-17,1.139985340901047
2022-11-18,1.1540174765875746
2022-11-21,1.180799742184368
2022-11-22,1.1355497546223192
2022-11-23,1.0884418690391888
2022-11-25,1.0480726170540813
2022-11-28,1.0132767506713143
2022-11-29,0.9728614835883571
2022-11-30,0.9530513435637602
2022-12-01,0.9978389562912401
2022-12-02,0.968023742322502
2022-12-05,0.9481900523032927
2022-12-06,0.9103930488987508
2022-12-07,0.9056730221542442
2022-12-08,0.8741260593867662
2022-12-09,0.8454731788776039
2022-12-12,0.8139434639845489
2022-12-13,1.0520925050127297
2022-12-14,1.0258729968978038
2022-12-15,0.9957505584706526
2022-12-16,0.9624499784005479
2022-12-19,1.0023196744660108
2022-12-20,1.004011274164597
2022-12-21,0.9694580766278054
2022-12-22,0.9535240211804804
2022-12-23,0.9149715708391362
2022-12-27,0.8908528025184391
2022-12-28,0.8801886232126808
2022-12-29,0.8636252204222903
2022-12-30,0.8316319402484607
2023-01-03,0.8250461177357709
2023-01-04,0.8018449555267542
2023-01-05,0.7753966383712999
2023-01-06,0.8602309359609642
2023-01-09,0.8628005596012635
2023-01-10,0.8453769492504352
2023-01-11,0.8163590949048337
2023-01-12,0.8101357880257694
2023-01-13,0.8654850199791679
2023-01-17,0.8416832218015903
2023-01-18,0.810033894039291
2023-01-19,0.9249942338893435
2023-01-20,0.9215615701962879
2023-01-23,0.887933114176879
2023-01-24,0.8527014682734961
2023-01-25,0.8199666176718235
2023-01-26,0.8538180382436036
2023-01-27,0.8215579127735952
2023-01-30,0.7896287493580203
2023-01-31,0.7596780605302056
2023-02-01,0.7381635724005642
2023-02-02,0.7234389473750445
2023-02-03,0.7090320317291499
2023-02-06,0.803141525441842
2023-02-07,0.8305237094034439
2023-02-08,0.8013611416301036
2023-02-09,0.8334344108527607
2023-02-10,0.8391624116344703
2023-02-13,0.921921218485267
2023-02-14,0.8920508503697785
2023-02-15,0.8816181723389144
2023-02-16,0.8560512270601027
2023-02-17,0.8227752583274494
2023-02-21,0.82088173339699
2023-02-22,0.8062738109519555
2023-02-23,0.785455590336374
2023-02-24,0.786683618920317
2023-02-27,0.7601963364637964
2023-02-28,0.7683268203438837
2023-03-01,0.851711122426814
2023-03-02,0.9149551373726201
2023-03-03,0.953856779460215
2023-03-06,0.9532560743999643
2023-03-07,0.9217524821581937
2023-03-08,0.9185485980287245
2023-03-09,0.8896732092202874
2023-03-10,0.8568711387482242
2023-03-13,0.8612632745167694
2023-03-14,0.9219780437354892
2023-03-15,0.8913786319558509
2023-03-16,1.011464000814589
2023-03-17,0.9726452996410155
2023-03-20,0.9352728617715128
2023-03-21,0.9078309136305962
2023-03-22,1.1037811501096249
2023-03-23,1.1531979514108617
2023-03-24,1.1262313623278493
2023-03-27,1.2622285096571957
2023-03-28,1.2092173180798085
2023-03-29,1.1581590574109806
2023-03-30,1.1415865474540379
2023-03-31,1.095560129717233
2023-04-03,1.0619680873358337
2023-04-04,1.0361702782024973
2023-04-05,0.996486579693959
2023-04-06,1.126528225747826
2023-04-10,1.0861845148203488
2023-04-11,1.0418241948154603
2023-04-12,0.9990430886999078
2023-04-13,0.9603691816566027
2023-04-14,0.9295237497849187
2023-04-17,0.9370447492582681
2023-04-18,0.9094139786931941
2023-04-19,0.8879210598371415
2023-04-20,0.8664137599327407
2023-04-21,0.8329586390910195
2023-04-24,0.8007382613808406
2023-04-25,0.7756170998216453
2023-04-26,0.7545263742026659
2023-04-27,0.9072989921284824
2023-04-28,0.8796849776623182
2023-05-01,0.8533802823525871
2023-05-02,0.8262966203083477
2023-05-03,0.8183871095685095
2023-05-04,0.7902551405810683
2023-05-05,0.8166811379578905
2023-05-08,0.788342096919699
2023-05-09,0.7617666727850857
2023-05-10,0.7332854374771968
2023-05-11,0.7183143577348062
2023-05-12,0.7203704817092434
2023-05-15,0.711499685477286
2023-05-16,0.7396675228821045
2023-05-17,0.8378322834582155
2023-05-18,0.8227887187590629
2023-05-19,0.7973392524958579
2023-05-22,0.766875157291315
2023-05-23,0.738732018344587
2023-05-24,0.7115151286251703
2023-05-25,0.6855440881744969
2023-05-26,0.7441334763303756
2023-05-30,0.7233434252382902
2023-05-31,0.7132810586813991
2023-06-01,0.7202376383884092
2023-06-02,0.7874736496603313
2023-06-05,0.7760924376889877
2023-06-06,0.757504744992416
2023-06-07,0.7325295630649395
2023-06-08,0.8023910042355413
2023-06-09,0.7729126438583912
2023-06-12,0.7510932623655743
2023-06-13,0.7245461602019316
2023-06-14,0.6990950714412548
2023-06-15,0.6803579755501046
2023-06-16,0.6956590538857639
2023-06-20,0.673506190538862
2023-06-21,0.7685638794031727
2023-06-22,0.7435821511555653
2023-06-23,0.7354937196453668
2023-06-26,0.762337200956446
2023-06-27,0.7756174086847678
2023-06-28,0.7471562509395012
2023-06-29,0.7978360419832479
2023-06-30,0.7681502256534251
2023-07-03,0.7729144281292581
2023-07-05,0.7651085135781033
2023-07-06,0.805385128140564
2023-07-07,0.7930640877542191
2023-07-10,0.8074602585878695
2023-07-11,0.7848966916256165
2023-07-12,0.7906576398016701
2023-07-13,0.776153252689291
2023-07-14,0.7475628852797939
2023-07-17,0.7259806709176102
2023-07-18,0.7474448300923794
2023-07-19,0.746311327876659
2023-07-20,0.7652398563721834
2023-07-21,0.8768719498130361
2023-07-24,0.9020747760265252
2023-07-25,0.8664967215857569
2023-07-26,0.833398899486207
2023-07-27,0.8059022991491431
2023-07-28,0.8127786541869015
2023-07-31,0.7971202265823095
2023-08-01,0.7676258138642356
2023-08-02,0.7710897039571963
2023-08-03,0.7613010474327151
2023-08-04,0.8914025670260796
2023-08-07,0.8880260885535457
2023-08-08,0.8606246383528852
2023-08-09,0.8370126574318406
2023-08-10,0.8058436668215362
2023-08-11,0.7781878282454674
2023-08-14,0.7519312327579526
2023-08-15,0.7417055744390462
2023-08-16,0.754596443508889
2023-08-17,0.7373823546778208
2023-08-18,0.7114983391997814
2023-08-21,0.6879922847501897
2023-08-22,0.6792226119587381
2023-08-23,0.6568106416784764
2023-08-24,0.6339195569023264
2023-08-25,0.611978278314379
2023-08-28,0.5935541854122169
2023-08-29,0.5765893965014924
2023-08-30,0.5576228647914009
2023-08-31,0.5659018303758332
2023-09-01,0.5929355615594102
2023-09-05,0.5846730906062415
2023-09-06,0.6144662342927378
2023-09-07,0.5982908527320764
2023-09-08,0.649540789595071
2023-09-11,0.6465550107287411
2023-09-12,0.6276331453116368
2023-09-13,0.6090765840496333
2023-09-14,0.6244480563996214
2023-09-15,0.6816889652853502
2023-09-18,0.6575140008823798
2023-09-19,0.6630114344041024
2023-09-20,0.6505570185076253
2023-09-21,0.633650704134896
2023-09-22,0.6122872171971019
2023-09-25,0.5955987285270864
2023-09-26,0.5764523992051718
2023-09-27,0.7531424146666628
2023-09-28,0.8666019576385277
2023-09-29,1.0244925625493915
2023-10-02,0.9823604860328811
2023-10-03,1.3781939239814196
2023-10-04,1.3821154481109277
2023-10-05,1.327019416824003
2023-10-06,1.2807786163526844
2023-10-09,1.2455417984748742
2023-10-10,1.2183371905032816
2023-10-11,1.1888751828982098
2023-10-12,1.173692554053663
2023-10-13,1.1497422749412576
2023-10-16,1.184691064591974
2023-10-17,1.136509001695708
2023-10-18,1.088452364426036
2023-10-19,1.045217427804904
2023-10-20,1.0037704946350328
2023-10-23,0.9896252933040647
2023-10-24,1.0112098227513926
2023-10-25,1.088417569809695
2023-10-26,1.0749248073063236
2023-10-27,1.0541688189510494
2023-10-30,1.0802897651838865
2023-10-31,1.0352266748310368
2023-11-01,0.9966215663491069
2023-11-02,0.9687168007495855
2023-11-03,0.9699129624257408
2023-11-06,0.9300505682010565
2023-11-07,0.8929520912369324
2023-11-08,0.8749095561984701
2023-11-09,0.8651736672878961
2023-11-10,0.856918120256132
2023-11-13,0.8228225533263158
2023-11-14,0.8259642543510417
2023-11-15,1.0821714536857463
2023-11-16,1.0373478878632103
2023-11-17,1.0008360969424328
2023-11-20,0.9599396327315313
2023-11-21,0.9295614471232447
2023-11-22,0.8928455433740785
2023-11-24,0.861233887438527
2023-11-27,0.8271608494367265
2023-11-28,0.795058763425048
2023-11-29,0.7649557354517573
2023-11-30,0.754264244121903
2023-12-01,0.7376685964350118
2023-12-04,0.7451459550258761
2023-12-05,0.7171582410995074
2023-12-06,0.7145573550085118
2023-12-07,0.7498459949247638
2023-12-08,0.724405752386308
2023-12-11,0.6999236229279558
2023-12-12,0.6938591723625728
2023-12-13,0.6857731502826355
2023-12-14,1.0155815772212382
2023-12-15,1.0230481309891546
2023-12-18,1.0570061289937365
2023-12-19,1.0449713630878956
2023-12-20,1.0060982080152823
2023-12-21,1.0312989038690767
2023-12-22,0.989337919107703
2023-12-26,0.9496632985548639
2023-12-27,0.9190466141802065
2023-12-28,0.8886635715544462
2023-12-29,0.8724638003905708
